"abc124;2024-03-22;eletr123;123;telefone;1;299,99;12,00;jose@gmail.com;456;Jose;Avenida Principal 10;12345678;SP;Brasil"				
"abc125;2024-03-22;eletr456;456;tablet;1;699,90;15,00;marcia@gmail.com;457;Marcia;Avenida Secundária 20;23456789;SP;Brasil"				
"abc126;2024-03-22;eletr789;789;notebook;1;1199,99;20,00;lucas@gmail.com;458;Lucas;Rua das Flores 30;34567890;SP;Brasil"				
"abc127;2024-03-23;brinq123sp;123;bola;3;12,99;7,50;ana@gmail.com;459;Ana;Rua do Campo 40;45678901;SP;Brasil"				
"abc128;2024-03-23;brinq456sp;456;boneco;2;19,99;6,00;paula@gmail.com;460;Paula;Rua das Palmeiras 50;56789012;SP;Brasil"				
"abc129;2024-03-23;brinq789sp;789;carro;1;55,00;8,00;marcio@gmail.com;461;Marcio;Rua dos Jacarandás 60;67890123;SP;Brasil"				
"abc130;2024-03-24;roupa456sp;456;calça;1;89,90;10,00;laura@gmail.com;462;Laura;Rua dos Coqueiros 70;78901234;SP;Brasil"				
"abc131;2024-03-24;roupa789sp;789;jaqueta;1;129,90;12,00;felipe@gmail.com;463;Felipe;Rua das Acácias 80;89012345;SP;Brasil"				
"abc132;2024-03-24;roupa123sp;123;camiseta;2;54,50;8,00;julia@gmail.com;464;Julia;Rua das Palmeiras 90;90123456;SP;Brasil"				
"abc133;2024-03-25;eletr321sp;321;smartwatch;1;249,90;11,00;carla@gmail.com;465;Carla;Avenida do Sol 100;01234567;RJ;Brasil"				
"abc134;2024-03-25;eletr654sp;654;fones;1;89,90;7,00;roberto@gmail.com;466;Roberto;Avenida do Mar 110;12345678;RJ;Brasil"				
"abc135;2024-03-25;eletr987sp;987;camera;1;699,00;15,00;mariana@gmail.com;467;Mariana;Rua do Sol 120;23456789;RJ;Brasil"				
"abc136;2024-03-26;brinq321sp;321;carro de corrida;2;99,90;10,00;bruno@gmail.com;468;Bruno;Rua dos Casuar;34567890;RJ;Brasil"				
"abc137;2024-03-26;brinq654sp;654;casinha;1;49,90;8,00;isabela@gmail.com;469;Isabela;Rua do Limoeiro 130;45678901;RJ;Brasil"				
"abc138;2024-03-26;brinq987sp;987;boneco articulado;2;79,90;9,00;eduardo@gmail.com;470;Eduardo;Rua da Alegria 140;56789012;RJ;Brasil"				
"abc139;2024-03-27;roupa321sp;321;meia;5;25,00;5,00;natasha@gmail.com;471;Natasha;Avenida das Rosas 150;67890123;RJ;Brasil"				
"abc140;2024-03-27;roupa654sp;654;suéter;1;99,00;7,00;andre@gmail.com;472;Andre;Avenida das Margaridas 160;78901234;RJ;Brasil"				
"abc141;2024-03-27;roupa987sp;987;blusa;3;69,90;8,00;carla@gmail.com;473;Carla;Rua do Girassol 170;89012345;RJ;Brasil"				
"abc142;2024-03-28;eletr987rj;987;impressora;1;399,90;18,00;andre@gmail.com;474;Andre;Rua da Alegria 180;90123456;RJ;Brasil"				
"abc143;2024-03-28;eletr654rj;654;videogame;1;499,00;20,00;marina@gmail.com;475;Marina;Rua dos Pinheiros 190;01234567;RJ;Brasil"				
"abc144;2024-03-28;eletr321rj;321;monitor;2;159,90;12,00;marcio@gmail.com;476;Marcio;Rua das Orquídeas 200;12345678;RJ;Brasil"				
"abc145;2024-03-29;brinq654rj;654;bola de futebol;4;15,99;7,00;pedro@gmail.com;477;Pedro;Avenida das Palmeiras 210;23456789;RJ;Brasil"				
"abc146;2024-03-29;brinq321rj;321;skate;1;99,00;10,00;leticia@gmail.com;478;Leticia;Rua do Verde 220;34567890;RJ;Brasil"				
"abc147;2024-03-29;brinq987rj;987;patins;2;129,90;12,00;andreia@gmail.com;479;Andreia;Rua do Lago 230;45678901;RJ;Brasil"				
"abc148;2024-03-30;roupa321rj;321;boné;2;35,00;6,00;jose@gmail.com;480;Jose;Rua das Laranjeiras 240;56789012;RJ;Brasil"				
"abc149;2024-03-30;roupa654rj;654;calça de moletom;1;89,90;8,00;aline@gmail.com;481;Aline;Rua dos Coqueiros 250;67890123;RJ;Brasil"				
"abc150;2024-03-30;roupa987rj;987;jaqueta impermeável;1;179,90;15,00;marcio@gmail.com;482;Marcio;Rua dos Jabuticabeiras 260;78901234;RJ;Brasil"				
"abc151;2024-03-31;eletr123rj;123;console;1;1499,00;25,00;rafael@gmail.com;483;Rafael;Rua das Amendoeiras 270;89012345;RJ;Brasil"				
"abc152;2024-03-31;eletr456rj;456;home theater;1;799,00;22,00;leticia@gmail.com;484;Leticia;Rua do Aconchego 280;90123456;RJ;Brasil"				
"abc153;2024-03-31;eletr789rj;789;projector;1;399,00;15,00;luan@gmail.com;485;Luan;Rua da Brisa 290;01234567;RJ;Brasil"				
"abc154;2024-04-01;brinq456sp;456;boneca;2;59,90;8,00;vinicius@gmail.com;486;Vinicius;Rua das Flores 300;12345678;SP;Brasil"				
"abc155;2024-04-01;brinq789sp;789;trenzinho;1;69,90;9,00;rosana@gmail.com;487;Rosana;Rua do Jardim 310;23456789;SP;Brasil"				
"abc156;2024-04-01;brinq123sp;123;puzzle;3;45,00;7,50;joao@gmail.com;488;Joao;Rua das Orquideas 320;34567890;SP;Brasil"				
"abc157;2024-04-02;roupa456sp;456;short;2;49,90;6,00;carla@gmail.com;489;Carla;Rua dos Jequitibás 330;45678901;SP;Brasil"				
"abc158;2024-04-02;roupa789sp;789;camisa polo;1;89,90;7,00;marcio@gmail.com;490;Marcio;Rua dos Cerejeiras 340;56789012;SP;Brasil"				
"abc159;2024-04-02;roupa123sp;123;blusa de frio;2;59,90;8,00;luan@gmail.com;491;Luan;Rua dos Lírios 350;67890123;SP;"				
